track_id,target,context_switch,no_pause_before_play,short_pause_before_play,long_pause_before_play,hist_user_behavior_n_seekfwd,hist_user_behavior_n_seekback,hist_user_behavior_is_shuffle,premium,context_type,hist_user_behavior_reason_start,hist_user_behavior_reason_end
16448,0,0,1,0,0,0,0,1,1,0,7,6
4613,1,0,1,0,0,0,0,1,1,0,1,0
36976,0,0,1,0,0,0,0,0,1,4,7,6
41168,1,0,1,0,0,0,0,0,1,5,4,3
50205,1,0,1,0,0,0,0,0,0,5,4,3
37392,1,0,0,1,1,0,1,0,1,5,7,0
29717,1,0,0,0,0,0,0,0,1,0,2,2
41253,1,0,1,0,0,0,0,1,1,5,4,3
3467,1,0,1,0,0,0,0,0,0,2,2,2
9991,0,0,1,0,0,0,0,0,1,2,7,6
33161,1,0,0,1,1,0,0,1,1,5,7,3
15446,0,0,0,1,1,0,0,1,1,2,7,6
37095,0,0,1,0,0,0,0,0,1,0,7,6
41017,0,0,0,0,0,0,0,1,1,5,7,6
31983,0,0,0,0,0,0,0,0,1,2,7,2
11401,1,0,1,0,0,0,0,0,1,4,4,3
41319,0,0,1,0,0,0,0,0,1,4,7,6
23524,0,0,1,0,0,0,0,0,1,5,4,6
36738,0,0,0,1,1,0,0,0,1,0,7,3
25756,1,0,1,0,0,0,0,0,0,5,4,3
34379,1,0,1,0,0,0,0,1,1,0,4,3
18832,0,0,0,0,0,0,2,0,1,0,7,0
46665,1,0,0,1,1,0,0,1,0,0,7,3
6917,1,0,1,0,0,0,0,0,1,5,4,3
22845,1,0,1,0,0,0,0,0,1,4,4,3
16513,1,0,1,0,0,0,0,1,1,0,4,0
3952,0,0,0,0,0,0,0,0,0,4,7,6
49192,1,0,0,0,1,0,0,1,0,5,4,3
24123,1,0,1,0,0,0,0,0,0,2,4,3
24903,1,0,0,1,1,0,0,0,1,5,7,2
12780,1,0,1,0,0,0,0,0,1,4,4,3
9076,1,0,1,0,0,0,0,1,0,0,4,3
45792,1,0,1,0,0,0,0,0,1,5,4,3
20866,1,0,1,0,0,0,0,0,1,2,4,3
35993,0,0,1,0,0,0,0,0,1,5,7,6
20394,0,0,1,0,0,0,0,0,1,5,7,3
39852,1,0,1,0,0,0,0,0,1,4,4,3
10538,0,0,0,0,0,0,0,0,1,0,2,6
7719,1,0,0,0,0,0,0,0,0,4,0,3
14879,1,0,0,1,1,0,0,0,1,0,7,2
45744,1,0,0,1,1,0,0,1,0,0,7,3
32740,1,0,0,1,1,0,1,0,1,5,7,0
5866,0,0,1,0,0,0,0,0,1,4,7,2
45476,1,0,1,0,0,0,0,0,1,4,4,3
37720,1,0,1,0,0,1,0,0,1,3,4,3
15320,0,0,1,0,0,0,0,0,1,4,7,6
34326,0,0,1,0,0,0,0,0,1,5,7,2
11536,0,0,1,0,0,0,0,0,1,3,7,6
45067,0,0,1,0,0,0,0,0,1,0,2,6
35681,1,0,1,0,0,0,0,0,1,4,4,3
36546,0,0,1,0,0,0,0,0,1,0,7,6
35160,1,0,0,0,0,0,0,0,0,0,4,3
6262,0,0,1,0,0,0,0,0,0,5,7,6
14095,0,0,1,0,0,0,0,1,1,0,7,6
30264,1,0,1,0,0,0,0,1,1,2,4,3
43702,0,0,0,1,1,0,0,0,1,5,7,6
21080,1,0,0,1,1,0,0,0,1,5,7,2
10449,1,0,1,0,0,0,0,0,1,0,2,3
21245,1,0,1,0,0,0,1,0,1,0,7,3
35140,0,0,1,0,0,0,0,1,1,2,4,3
33340,1,0,1,0,0,0,0,0,1,5,4,3
12312,1,0,1,0,0,0,0,0,1,4,4,3
48592,0,1,1,0,0,0,0,0,1,5,4,6
20775,0,0,0,1,1,0,0,0,1,2,7,6
24092,1,0,1,0,0,0,0,1,0,2,4,3
27971,1,0,0,1,1,0,0,1,1,1,7,3
22023,0,0,1,0,0,0,0,1,1,2,7,6
30730,0,0,1,0,0,0,0,0,1,0,7,6
14184,0,0,0,1,1,0,0,0,1,0,1,6
3047,1,0,1,0,0,0,0,0,1,4,4,3
45712,1,0,0,1,1,0,0,0,1,4,4,3
20619,1,0,0,0,0,0,0,1,1,5,4,3
20629,1,0,1,0,0,0,0,0,1,5,7,2
32050,1,0,0,1,1,0,0,1,1,2,7,3
1014,0,0,1,0,0,0,0,0,1,5,7,6
30264,0,0,0,1,1,0,0,0,1,0,7,6
24063,1,0,1,0,0,0,0,0,1,5,4,3
26174,0,0,1,0,0,0,0,0,1,0,4,6
48532,0,0,1,0,0,0,0,1,1,1,4,6
40729,1,0,1,0,0,0,0,0,0,4,4,3
27713,1,0,1,0,0,0,0,1,1,5,4,3
39803,0,0,1,0,0,0,0,0,1,4,7,6
14047,1,0,1,0,0,0,0,0,0,5,4,3
20775,0,0,1,0,0,0,0,0,1,2,4,3
16748,0,0,1,0,0,0,0,0,0,2,7,6
17426,1,0,1,0,0,0,0,0,1,5,4,3
37095,0,0,1,0,0,0,0,0,1,2,2,6
15656,1,0,1,0,0,2,0,0,1,0,4,3
18155,0,0,1,0,0,0,0,0,0,5,7,3
28601,1,0,1,0,0,0,0,0,1,5,4,3
2895,0,0,1,0,0,0,0,0,1,2,7,6
45087,0,1,1,0,0,0,0,0,1,2,2,6
39852,1,0,1,0,0,0,0,0,1,4,4,3
46643,1,0,1,0,0,0,0,1,1,5,4,3
3066,1,0,1,0,0,0,0,0,0,0,4,3
6953,1,0,1,0,0,0,0,1,1,2,4,3
21662,0,0,1,0,0,0,0,1,0,0,4,3
34792,0,0,1,0,0,0,0,0,0,5,4,3
31226,1,0,1,0,0,0,0,0,1,0,1,2
4771,1,0,1,0,0,0,0,0,1,4,4,3
20331,1,0,1,0,0,0,0,0,0,0,1,3
24698,0,0,1,0,0,0,0,0,1,2,7,6
2777,1,0,0,1,1,0,0,0,1,4,7,3
13146,0,0,1,0,0,0,0,0,1,4,4,6
19588,0,1,1,0,0,0,0,0,1,3,2,6
17145,0,0,0,0,0,0,0,0,1,5,2,6
31931,1,0,1,0,0,0,0,1,1,5,4,3
24427,1,0,1,0,0,0,0,1,1,5,4,3
4236,1,0,1,0,0,0,0,0,1,4,4,3
39652,0,0,1,0,0,0,0,0,1,4,1,6
40657,0,0,1,0,0,0,0,0,1,5,7,6
47364,0,0,1,0,0,0,0,0,1,3,7,6
6034,1,0,1,0,0,0,0,0,1,5,2,2
9541,1,0,0,1,1,0,0,0,1,0,7,3
45959,1,0,1,0,0,0,0,1,1,5,4,3
26326,0,0,1,0,0,0,0,0,1,0,7,6
11852,0,0,1,0,0,1,1,0,0,0,2,3
39971,1,0,1,0,0,0,0,0,1,4,4,3
30267,1,0,1,0,0,0,0,0,1,5,4,3
42909,1,0,1,0,0,0,0,1,1,2,4,3
47953,1,0,1,0,0,0,0,1,1,5,4,3
29176,0,1,1,0,0,0,0,0,0,0,2,6
19392,1,0,1,0,0,0,0,1,1,5,4,3
48370,0,0,0,1,1,0,0,0,0,2,7,6
33100,0,0,1,0,0,0,0,0,1,0,2,6
15393,0,0,1,0,0,0,0,0,1,5,2,6
21964,0,0,1,0,0,0,0,1,1,2,4,6
37095,0,0,0,0,0,0,0,0,0,2,7,3
10507,1,0,1,0,0,1,0,0,0,4,4,3
25221,0,0,1,0,0,0,0,0,1,2,7,6
15994,1,0,1,0,0,0,0,1,1,5,4,3
5002,0,0,1,0,0,0,0,0,0,0,4,3
31043,1,0,0,1,1,0,0,1,1,2,7,3
43573,1,0,1,0,0,0,0,0,1,4,4,3
12220,1,0,1,0,0,0,0,0,0,5,4,3
3434,1,0,1,0,0,0,0,0,1,0,7,2
8368,0,0,0,0,1,0,0,0,1,4,7,2
22368,1,0,1,0,0,0,0,0,0,0,4,3
16678,1,0,0,1,1,0,0,0,1,4,7,3
21127,0,0,0,1,1,0,0,1,1,0,7,3
32795,1,0,1,0,0,0,0,0,0,0,4,3
18050,1,0,1,0,0,0,0,1,1,5,4,3
42472,0,0,1,0,0,0,0,1,1,2,4,3
15815,0,0,0,1,1,0,0,0,1,4,7,6
1033,1,0,1,0,0,0,0,0,1,5,7,3
21528,0,0,0,1,1,0,0,0,1,4,7,6
19612,1,0,1,0,0,0,0,0,1,5,4,3
28833,1,0,1,0,0,0,0,0,1,5,4,3
35540,0,0,0,0,0,0,0,1,1,5,4,3
47560,1,0,1,0,0,0,0,1,1,2,4,0
28456,0,0,1,0,0,0,0,0,1,2,4,6
14766,0,0,1,0,0,0,0,1,1,0,4,3
3319,1,1,1,0,0,0,0,1,1,2,2,3
32555,1,0,1,0,0,0,0,1,1,5,4,3
31751,0,0,1,0,0,0,0,0,1,2,7,6
10810,1,0,1,0,0,0,0,0,0,0,7,3
25703,0,0,1,0,0,0,0,1,1,5,7,6
17295,0,0,0,1,1,0,0,0,1,2,7,4
45690,0,0,0,1,1,0,0,0,1,2,7,6
48405,1,0,1,0,0,0,0,0,0,4,4,3
37095,0,0,1,0,0,0,1,0,1,2,7,6
15401,0,0,0,0,0,0,0,0,1,5,2,6
50385,0,0,1,0,0,0,0,1,1,5,2,6
1848,0,0,1,0,0,0,0,1,1,5,7,6
49947,0,0,1,0,0,0,0,0,0,4,7,6
30264,0,0,1,0,0,0,0,0,1,0,2,2
49752,1,0,0,0,0,0,0,1,1,2,4,3
43796,0,0,1,0,0,0,1,0,1,0,7,6
43009,0,0,1,0,0,0,0,1,1,0,4,2
33396,0,0,1,0,0,0,0,1,1,5,7,6
560,0,0,1,0,0,0,0,0,1,0,4,3
6570,1,0,1,0,0,0,0,0,0,5,1,0
42294,0,0,0,0,1,0,0,0,1,5,7,2
27084,0,0,1,0,0,0,0,0,1,5,7,6
6457,1,0,1,0,0,0,0,0,1,5,4,3
3662,1,0,1,0,0,0,0,0,0,4,4,3
23195,1,0,1,0,0,0,0,0,1,5,4,3
8663,1,0,1,0,0,0,0,1,0,5,4,3
20779,0,0,1,0,0,0,0,0,1,4,7,6
44075,0,0,1,0,0,0,0,0,1,4,7,6
23744,0,0,0,1,1,0,0,0,1,5,7,3
23272,0,0,1,0,0,0,0,1,1,2,7,6
35278,0,0,1,0,0,0,0,1,1,2,7,6
34243,0,0,1,0,0,0,0,0,1,5,4,6
19017,0,0,1,0,0,0,0,0,1,5,7,6
20775,0,0,1,0,0,0,0,0,1,2,1,6
37367,1,0,0,1,1,0,0,1,0,5,4,3
25767,0,0,1,0,0,0,0,0,1,4,4,6
48370,0,0,0,0,1,0,0,1,1,2,4,2
38223,0,0,1,0,0,0,0,1,1,2,1,6
19286,0,0,0,1,1,0,0,1,1,0,7,6
14233,1,0,1,0,0,0,0,1,1,0,4,3
50564,0,0,0,1,1,0,0,0,1,5,7,3
19249,1,0,1,0,0,0,0,0,1,4,4,3
2585,0,0,1,0,0,0,0,0,1,0,4,6
24466,0,0,0,0,1,0,0,0,0,2,4,2
25601,0,1,1,0,0,0,0,0,1,0,2,6
1999,1,0,0,1,1,0,0,0,1,5,1,0
23277,0,0,1,0,0,0,0,0,1,0,2,6
39677,1,0,1,0,0,0,0,0,1,4,4,3
30218,0,0,1,0,0,0,0,0,1,5,4,3
20691,1,0,1,0,0,0,0,0,1,4,4,3
17043,1,0,0,1,1,0,0,0,1,0,7,3
19609,0,0,1,0,0,0,0,0,1,5,7,6
2895,0,0,1,0,0,0,0,0,1,0,4,6
47523,1,0,1,0,0,0,0,0,1,5,1,0
43310,1,0,1,0,0,0,0,0,0,5,4,3
47742,0,0,0,0,1,0,0,0,0,5,7,3
33617,0,0,1,0,0,0,0,0,1,0,7,6
34233,1,0,1,0,0,0,0,1,1,2,4,3
6770,1,0,1,0,0,0,0,1,1,5,4,3
22407,0,0,1,0,0,0,1,0,0,5,7,0
8727,1,0,0,1,1,0,0,1,0,2,7,3
3528,0,0,1,0,0,0,0,1,1,5,7,6
27422,1,0,1,0,0,0,0,0,1,4,4,3
26760,0,0,1,0,0,0,0,0,1,5,7,6
17295,1,0,1,0,0,0,0,0,1,2,1,0
21103,1,0,1,0,0,0,0,0,0,5,4,3
2511,0,0,0,0,0,0,0,0,1,2,7,6
19581,0,0,1,0,0,0,0,0,0,0,7,6
49467,1,0,0,0,0,0,0,0,1,5,1,0
20214,0,0,1,0,0,0,0,0,1,5,7,6
27153,1,0,1,0,0,0,0,0,1,4,4,3
4939,1,0,0,0,1,0,0,0,1,5,2,2
10941,0,0,0,0,0,1,0,0,1,0,0,6
42424,1,0,1,0,0,0,0,1,1,5,4,3
49953,0,0,1,0,0,0,0,0,1,2,2,6
21693,0,0,0,1,1,0,0,1,1,0,7,6
35338,0,0,0,1,1,0,0,0,1,4,7,6
47193,0,0,1,0,0,0,0,1,1,0,4,6
5358,0,0,1,0,0,0,0,0,1,0,7,3
39940,1,0,1,0,0,0,0,1,1,5,4,3
43707,0,0,0,0,1,0,0,1,1,2,4,3
41606,1,0,1,0,0,0,0,1,1,5,4,3
4728,1,0,1,0,0,0,0,0,1,0,1,0
29614,1,0,1,0,0,0,0,1,1,2,4,3
34405,1,0,1,0,0,0,0,0,1,4,4,3
19118,1,0,0,0,0,0,0,0,1,2,4,3
48796,0,0,0,0,0,0,0,0,0,5,2,6
6997,1,0,1,0,0,0,0,0,1,4,4,3
34803,1,0,0,1,1,0,0,0,1,0,4,3
28286,1,0,0,1,1,0,0,0,1,4,7,3
37544,1,0,1,0,0,0,0,0,1,2,4,3
28295,0,0,1,0,0,0,0,1,1,5,7,6
43082,0,0,0,1,1,0,0,0,0,4,7,3
774,1,0,1,0,0,1,0,0,1,2,4,4
6457,1,0,1,0,0,0,0,0,1,2,4,3
12492,0,0,0,1,1,0,0,0,1,4,7,6
44820,1,0,1,0,0,0,0,1,1,5,1,0
35432,0,0,1,0,0,0,0,0,1,5,7,6
40408,0,0,1,0,0,0,0,0,0,2,4,6
34120,0,0,1,0,0,0,0,0,1,0,7,6
16360,0,0,0,1,1,0,0,0,1,5,7,3
33732,0,0,0,0,0,0,0,1,1,0,2,6
34120,0,0,1,0,0,0,0,1,1,2,7,3
803,1,0,0,0,1,0,0,0,1,4,4,3
25124,0,0,1,0,0,0,0,0,1,4,7,6
9182,0,0,1,0,0,0,1,0,1,0,4,6
23884,0,0,1,0,0,0,0,0,1,2,7,6
39487,1,0,1,0,0,0,0,0,1,3,1,0
35423,0,0,1,0,0,0,0,0,1,0,7,2
6467,0,0,1,0,0,0,0,0,1,2,7,6
6757,1,0,0,0,0,1,0,0,1,0,0,6
13586,1,0,1,0,0,0,0,1,1,5,4,3
30629,0,0,0,1,1,0,0,1,1,5,7,6
10280,0,1,1,0,0,0,0,0,1,4,2,6
28131,1,0,0,1,1,0,0,1,1,5,7,3
48184,0,0,0,1,1,0,0,0,1,4,7,3
40064,1,0,1,0,0,0,0,0,1,5,4,3
38871,0,0,1,0,0,0,0,0,1,4,7,6
22467,1,0,1,0,0,0,0,0,1,2,2,2
50095,1,0,1,0,0,0,0,1,0,5,4,3
488,1,0,1,0,0,0,0,1,0,2,4,2
20479,0,0,1,0,0,0,0,1,1,2,7,6
12816,1,0,1,0,0,0,0,0,0,5,4,3
11776,1,0,1,0,0,0,0,0,1,5,2,2
33400,0,0,1,0,0,0,0,0,1,2,1,6
27269,0,0,1,0,0,0,0,0,1,0,2,6
37353,1,0,1,0,0,0,0,0,1,0,4,3
29231,1,0,0,0,0,0,0,0,0,0,1,0
46661,0,0,1,0,0,0,0,1,1,0,4,6
50121,1,0,1,0,0,0,0,0,1,2,4,3
40979,1,0,0,1,1,0,0,0,0,5,4,3
26737,0,0,1,0,0,0,0,0,0,5,4,6
40887,1,0,1,0,0,0,1,0,0,5,1,0
48251,1,0,0,1,1,0,0,0,1,2,7,3
23425,1,0,0,1,1,0,0,0,1,3,4,2
22853,1,0,1,0,0,0,0,1,1,5,4,3
27900,0,0,1,0,0,0,0,1,1,2,4,6
11050,0,0,1,0,0,0,0,1,1,0,4,3
36738,1,0,1,0,0,0,0,0,1,2,4,3
9698,1,0,1,0,0,0,0,1,1,5,4,3
36632,1,0,0,1,1,0,0,0,1,4,7,3
30683,1,0,1,0,0,0,0,0,1,5,4,3
48199,1,0,1,0,0,0,0,0,0,0,4,3
7623,1,0,1,0,0,0,0,1,1,5,4,3
3049,1,0,1,0,0,0,0,0,1,5,1,0
4611,1,0,1,0,0,0,0,0,1,5,4,3
6860,1,0,1,0,0,0,1,0,0,5,7,0
36938,0,0,1,0,0,0,0,0,0,5,4,6
8302,0,0,0,1,1,0,0,0,1,2,7,4
11394,0,1,1,0,0,0,0,1,1,0,2,6
43782,1,0,1,0,0,0,0,1,1,2,4,3
4907,0,0,1,0,0,0,0,0,0,0,4,3
44352,1,0,0,1,1,0,0,0,0,4,4,3
21826,1,0,1,0,0,0,0,0,1,0,1,0
1145,1,0,1,0,0,0,0,0,1,5,1,0
45403,0,0,1,0,0,0,0,0,1,3,7,6
44974,0,1,1,0,0,0,0,0,1,5,2,6
25218,0,0,1,0,0,0,0,0,1,2,7,6
30128,1,0,1,0,0,0,0,0,1,0,2,2
36477,1,0,1,0,0,0,0,0,1,2,4,3
1722,1,0,1,0,0,0,0,0,1,5,4,3
21671,0,0,1,0,0,0,0,1,1,2,7,6
17623,0,0,0,0,1,0,0,0,1,4,4,0
10375,1,0,1,0,0,0,0,1,1,5,4,3
50347,1,0,0,1,1,0,0,0,0,5,4,0
36101,0,0,1,0,0,0,0,0,1,4,4,6
10396,1,0,1,0,0,0,0,1,1,2,4,3
46584,1,0,1,0,0,0,0,0,0,5,1,0
13635,0,0,1,0,0,0,0,0,0,2,7,6
5696,1,0,1,0,0,0,0,0,1,4,4,3
18240,1,0,1,0,0,0,0,0,0,0,4,3
8645,0,0,1,0,0,0,0,1,1,5,7,6
34991,0,0,1,0,0,0,0,0,1,0,7,6
4031,0,0,1,0,0,0,0,1,1,0,7,6
15787,1,0,1,0,0,0,0,0,1,1,4,0
42915,1,0,0,1,1,0,0,0,1,4,4,0
48681,0,0,1,0,0,0,0,0,1,5,2,6
15160,0,0,1,0,0,0,0,1,1,0,4,3
8507,0,0,0,1,1,0,0,0,1,0,7,0
48126,0,0,1,0,0,0,0,1,1,5,7,6
45000,0,0,0,0,0,0,0,1,0,2,7,6
21049,0,0,1,0,0,0,0,0,0,0,7,3
31754,0,0,1,0,0,0,0,1,1,5,4,6
40801,0,0,0,1,1,0,0,0,0,5,4,3
74,1,0,1,0,0,0,0,1,1,0,4,3
21863,0,0,1,0,0,0,0,0,0,5,7,3
18874,0,0,1,0,0,0,0,0,1,2,7,6
1003,0,0,1,0,0,0,0,0,0,5,4,3
15941,0,0,1,0,0,0,0,0,1,0,7,6
31547,1,0,1,0,0,0,0,1,1,0,1,0
40979,1,0,1,0,0,0,0,0,1,0,4,3
35657,0,0,0,0,0,0,0,0,1,5,2,3
47643,0,0,0,1,1,0,0,0,1,4,4,2
45895,1,0,1,0,0,0,0,0,0,4,4,0
39542,1,0,1,0,0,0,0,0,1,0,4,3
43987,1,0,1,0,0,0,0,0,1,0,4,3
31186,0,0,0,1,1,0,0,0,1,0,7,3
21032,1,0,1,0,0,0,0,0,1,4,4,3
40415,1,0,1,0,0,0,0,0,0,0,4,3
34104,1,0,1,0,0,0,0,1,1,5,4,3
41513,0,0,1,0,0,2,2,1,0,0,4,6
22593,1,0,1,0,0,0,0,0,0,5,4,3
15567,1,0,1,0,0,0,0,0,1,0,1,0
30685,1,0,1,0,0,0,0,1,1,2,4,3
32850,0,0,1,0,0,0,0,0,1,2,4,6
15576,0,0,1,0,0,0,0,0,0,3,7,6
6849,0,0,0,1,1,0,0,0,1,5,7,2
15511,0,0,1,0,0,0,0,0,1,0,7,6
26565,1,0,0,1,1,0,0,0,1,4,7,3
33147,0,0,0,1,1,0,0,1,1,5,7,3
45740,1,0,1,0,0,0,0,1,1,5,4,3
2680,0,0,1,0,0,0,0,1,1,5,4,3
50637,0,0,1,0,0,0,0,0,1,5,7,6
48706,0,0,1,0,0,0,0,0,1,5,7,6
41333,1,1,0,1,1,0,0,0,0,0,2,2
10198,0,0,1,0,0,0,0,0,1,2,7,6
38898,1,0,0,1,1,0,0,1,1,5,1,2
35761,0,0,0,1,1,0,0,1,1,2,7,3
16500,0,0,1,0,0,0,0,1,0,5,4,6
21956,1,0,1,0,0,0,0,0,0,5,4,3
48669,1,0,1,0,0,0,0,0,1,4,4,3
44682,0,0,0,1,1,0,0,0,1,5,7,3
14524,0,0,0,0,0,0,0,0,0,5,7,6
37020,0,0,1,0,0,0,0,1,1,5,7,6
35544,0,0,0,0,0,0,0,0,0,5,7,6
8655,1,0,1,0,0,0,0,0,1,5,4,3
49965,0,0,1,0,0,0,0,1,1,2,7,6
15641,0,0,1,0,0,0,0,0,0,5,7,6
17295,0,0,1,0,0,0,0,0,1,2,7,6
7240,0,0,1,0,0,0,0,0,1,5,4,6
4726,0,0,0,0,1,0,0,1,1,5,4,6
926,1,0,1,0,0,0,0,1,1,5,4,3
6405,1,0,1,0,0,0,0,1,1,0,1,3
30264,1,0,1,0,0,0,0,0,1,2,4,3
11211,1,0,0,1,1,0,0,0,1,4,7,3
382,1,0,1,0,0,0,0,1,1,5,4,3
38362,1,0,1,0,0,0,0,0,1,2,4,3
47325,0,0,1,0,0,0,0,0,0,0,4,3
16341,0,0,0,1,1,0,0,1,1,5,7,3
48742,1,0,1,0,0,0,0,0,1,5,4,3
3349,0,0,1,0,0,0,0,1,0,2,4,3
23286,1,0,1,0,0,0,0,1,1,0,1,0
1684,0,0,0,0,0,0,0,1,1,5,4,3
35669,1,0,0,1,1,0,0,0,1,2,7,3
8302,0,0,0,1,1,0,0,0,1,0,7,6
34133,0,0,1,0,0,0,0,0,1,5,4,6
30730,0,0,1,0,0,0,0,1,1,1,2,6
33161,1,0,1,0,0,0,0,0,1,5,4,3
49455,0,0,0,0,0,0,0,0,1,5,2,2
31855,0,0,1,0,0,0,0,0,1,4,4,6
12979,0,0,1,0,0,0,0,0,1,0,4,6
27,1,0,1,0,0,0,0,0,0,0,4,3
37637,0,0,1,0,0,0,0,0,1,0,7,6
22912,0,0,0,0,1,0,0,0,0,5,7,3
47512,0,0,0,1,1,0,0,0,1,0,7,3
33402,0,0,1,0,0,0,0,1,1,3,4,6
7513,1,0,0,1,1,0,0,0,1,0,7,2
41227,0,0,1,0,0,0,0,0,1,5,2,2
8628,0,0,0,0,0,0,0,0,1,5,2,6
28541,0,0,1,0,0,0,0,0,1,2,7,6
17266,1,0,1,0,0,0,0,1,1,2,7,3
24238,0,0,0,0,0,0,0,0,0,2,7,3
3407,1,0,0,1,1,0,0,1,1,5,4,0
27341,1,0,1,0,0,0,0,0,1,0,2,2
25858,1,0,1,0,0,0,0,0,1,5,4,3
4426,1,0,1,0,0,0,0,0,0,5,1,0
25414,0,0,1,0,0,0,0,0,1,5,7,6
48548,1,0,0,0,0,0,0,1,1,0,7,3
18915,0,0,1,0,0,1,1,0,1,0,1,0
10901,1,1,1,0,0,0,0,0,1,5,2,2
19153,0,0,0,0,0,0,0,0,1,4,7,3
21968,0,0,0,1,1,0,0,0,1,4,7,3
2336,0,0,1,0,0,0,0,0,1,5,7,6
37715,1,0,1,0,0,0,0,0,1,4,4,3
1722,0,0,0,0,1,0,0,0,0,5,7,6
49953,1,0,1,0,0,0,0,0,0,5,4,3
21565,0,0,0,0,0,0,0,0,1,0,7,6
31100,1,0,1,0,0,0,0,0,1,5,1,0
26112,0,0,0,0,0,0,0,1,1,5,2,6
11798,1,0,1,0,0,0,0,0,1,2,4,3
49314,1,0,1,0,0,0,0,0,1,5,1,0
39005,1,0,1,0,0,0,0,0,0,5,1,0
15007,1,0,0,1,1,0,0,0,1,0,7,2
13635,1,0,1,0,0,0,0,0,1,5,1,3
23879,1,0,1,0,0,0,0,1,1,5,4,3
48376,1,0,1,0,0,0,0,0,0,0,4,3
7331,0,0,0,0,1,0,0,1,1,2,7,6
50347,1,0,1,0,0,0,0,0,1,5,4,3
34126,1,0,1,0,0,0,0,0,1,4,4,3
18417,0,0,1,0,0,0,2,0,1,0,7,6
45513,0,0,1,0,0,0,0,0,1,4,4,3
31184,0,0,0,1,1,0,0,1,1,0,7,3
8430,0,0,1,0,0,0,0,1,1,5,4,6
30188,1,0,1,0,0,0,0,0,1,5,1,0
24092,0,1,1,0,0,0,0,1,1,5,2,6
46289,1,0,1,0,0,0,0,0,0,5,4,3
13068,0,0,1,0,0,0,0,1,1,5,7,6
11631,1,0,1,0,0,0,0,1,1,5,4,3
45790,1,0,1,0,0,0,0,0,1,4,4,3
49389,0,0,1,0,0,0,0,0,1,0,2,6
29753,1,0,1,0,0,0,0,1,1,2,4,3
23409,1,0,1,0,0,0,0,1,1,5,4,3
18832,1,0,0,0,0,1,0,1,0,5,4,3
32050,0,0,0,0,0,0,0,0,0,2,7,6
5122,0,0,1,0,0,0,0,0,1,5,2,2
20324,0,0,1,0,0,0,0,0,0,5,7,6
50007,0,0,0,1,1,0,0,1,1,5,7,3
21879,0,0,0,1,1,0,0,0,1,4,7,6
30171,0,0,1,0,0,0,0,0,1,4,4,6
42819,1,0,1,0,0,0,0,0,1,5,4,3
48669,0,1,1,0,0,0,0,0,1,0,2,2
24878,0,0,0,1,1,0,0,0,1,4,7,3
30002,0,0,1,0,0,0,0,1,1,0,7,6
46565,0,0,0,1,1,0,0,1,1,5,7,3
22024,1,0,1,0,0,0,0,0,1,0,2,2
30207,1,0,0,1,1,0,0,1,1,5,7,3
17653,0,0,1,0,0,0,0,0,1,0,7,6
37095,1,0,1,0,0,0,0,0,0,2,1,0
48322,0,0,1,0,0,0,1,0,1,5,7,6
48406,1,0,1,0,0,0,0,0,1,5,7,3
47708,0,0,0,0,1,0,0,0,0,3,7,6
44392,1,0,1,0,0,0,0,0,1,5,4,3
2515,1,0,1,0,0,0,0,0,1,4,4,3
6145,1,0,1,0,0,0,0,0,1,0,4,3
2494,1,1,0,1,1,0,0,0,0,4,2,3
12415,0,0,0,0,1,0,0,0,1,4,7,6
17971,0,0,1,0,0,0,0,0,1,0,4,6
21693,0,0,1,0,0,0,0,0,1,0,2,2
22369,1,0,1,0,0,0,0,1,0,5,2,3
5953,0,0,0,1,1,0,1,0,1,2,7,0
46188,0,0,1,0,0,0,0,0,1,2,2,6
24466,0,0,1,0,0,0,0,1,0,2,7,6
25218,0,0,1,0,0,0,0,0,1,1,4,6
5214,0,0,1,0,0,0,0,0,1,2,7,6
11399,0,0,0,0,0,1,0,0,0,0,0,6
27750,1,0,0,1,1,0,0,0,1,2,7,2
20451,0,0,1,0,0,0,0,0,1,5,4,6
35076,0,0,1,0,0,0,0,0,1,0,7,6
43701,1,0,1,0,0,0,0,0,1,5,4,3
15675,0,0,0,1,1,0,1,0,1,4,7,0
28413,0,0,1,0,0,0,0,0,0,5,7,6
1033,0,0,1,0,0,0,0,0,1,3,7,6
22230,1,1,1,0,0,0,0,0,1,0,2,3
35628,0,0,1,0,0,0,0,0,1,4,7,6
23497,0,0,0,0,0,0,0,0,0,5,1,6
11069,1,1,0,1,1,0,0,0,1,0,2,2
36539,1,0,0,1,1,0,1,0,1,0,7,0
36710,1,0,1,0,0,0,0,1,1,5,4,3
43697,1,0,0,1,1,0,0,0,0,4,7,3
2187,0,0,1,0,0,0,0,0,1,5,2,6
30094,1,0,1,0,0,0,0,0,1,5,4,3
48669,0,0,1,0,0,0,0,0,1,2,7,6
20776,0,0,1,0,0,0,0,0,1,5,7,6
13032,1,0,1,0,0,0,0,0,1,0,2,2
3798,0,0,0,1,1,0,0,0,1,4,7,6
28661,1,0,1,0,0,0,0,0,1,5,4,0
17824,0,0,0,0,0,0,0,1,0,5,7,6
44398,1,0,1,0,0,0,0,1,1,5,4,3
7086,1,0,1,0,0,0,0,0,0,4,4,3
16677,1,0,0,1,1,0,0,0,1,4,7,3
43103,0,0,0,1,1,0,0,0,1,4,7,3
5454,0,0,1,0,0,0,0,0,1,0,1,3
17082,1,1,1,0,0,1,0,0,1,0,2,2
25294,1,0,1,0,0,0,0,0,1,4,4,3
45772,0,0,0,1,1,0,0,0,1,3,7,3
23425,0,0,1,0,0,0,0,0,1,2,7,6
41217,1,0,1,0,0,0,0,0,1,2,4,3
45324,1,0,1,0,0,0,0,1,1,5,4,3
33169,0,0,0,0,0,0,1,0,1,0,4,6
45690,0,0,1,0,0,0,0,0,1,4,7,6
45470,1,0,1,0,0,0,0,0,0,2,4,3
43573,0,0,0,1,1,0,0,1,1,0,7,3
28634,1,0,0,1,1,0,0,0,1,4,7,3
13855,1,0,1,0,0,0,0,1,1,0,4,3
63,1,0,0,1,1,0,0,1,1,5,7,3
41104,1,0,1,0,0,2,0,1,1,3,4,3
28623,1,0,1,0,0,0,0,1,1,0,4,3
4013,0,0,1,0,0,0,0,1,1,5,4,6
32315,0,0,0,1,1,0,0,0,1,5,7,6
19333,1,0,1,0,0,0,0,1,1,5,4,3
44208,1,0,1,0,0,0,0,0,1,0,1,0
1690,1,0,1,0,0,0,0,0,1,2,4,3
29003,0,0,0,1,1,0,0,1,1,5,7,2
11688,0,0,1,0,0,0,0,1,0,0,4,6
13382,1,0,1,0,0,0,0,1,1,5,4,3
42381,1,0,0,1,1,0,0,0,1,2,4,2
32308,1,0,0,1,1,0,0,0,1,0,4,3
31855,0,0,0,1,1,0,0,1,1,5,7,6
38993,0,0,1,0,0,0,0,0,1,0,7,6
22268,1,0,0,1,1,0,0,0,1,4,7,3
17768,1,0,1,0,0,0,0,0,1,5,4,3
11881,0,1,1,0,0,0,0,0,1,4,2,6
2058,1,0,1,0,0,0,0,0,1,0,4,2
28661,1,0,1,0,0,0,0,0,1,5,1,0
20775,0,0,0,0,0,0,0,1,0,2,4,6
21768,1,0,1,0,0,0,0,0,1,0,4,3
37606,1,0,1,0,0,0,0,1,1,2,4,3
38939,1,0,1,0,0,0,0,0,1,5,1,0
10671,1,0,1,0,0,0,0,0,1,5,4,3
2971,1,0,1,0,0,0,0,1,1,5,4,0
13014,0,1,1,0,0,0,0,1,1,5,2,6
38004,0,0,0,1,1,0,0,1,1,0,7,6
24796,1,0,1,0,0,0,0,0,1,4,4,3
15005,0,0,1,0,0,0,0,0,1,5,7,6
27604,0,0,1,0,0,0,0,0,1,5,7,6
43673,1,0,1,0,0,0,0,1,1,3,4,3
13314,0,0,0,0,1,0,0,0,1,0,7,6
30143,0,0,0,1,1,0,1,0,1,5,7,0
18053,1,0,1,0,0,0,0,0,1,0,4,3
20697,1,0,1,0,0,0,0,1,1,5,4,3
44335,1,0,1,0,0,0,0,1,1,5,4,3
25730,1,0,1,0,0,0,0,0,0,5,2,2
5322,0,0,1,0,0,0,0,1,1,5,4,6
21341,0,0,0,1,1,0,0,1,1,5,7,3
8568,0,0,1,0,0,0,0,0,0,2,7,6
21104,1,0,1,0,0,0,0,0,0,2,1,0
18787,1,0,1,0,0,0,0,1,1,5,4,3
34405,1,0,1,0,0,0,0,0,0,5,4,3
30875,1,0,1,0,0,0,0,0,0,2,4,0
40903,1,0,1,0,0,0,0,1,1,5,4,3
39520,1,0,1,0,0,0,0,1,1,5,4,3
20394,0,0,1,0,0,0,0,0,1,2,7,6
40989,0,0,1,0,0,0,0,0,0,0,7,6
40658,1,0,1,0,0,0,0,0,1,5,4,0
20775,0,0,0,0,1,0,0,0,1,2,4,3
37652,1,0,1,0,0,0,0,0,1,2,4,3
23381,1,0,1,0,0,0,0,0,1,4,4,3
7623,0,0,1,0,0,0,0,1,0,0,7,6
36303,0,0,0,1,1,0,0,0,1,4,4,3
27471,1,0,1,0,0,0,0,0,1,5,4,3
48832,1,0,1,0,0,0,0,0,1,4,4,3
17197,1,0,1,0,0,2,0,0,1,0,4,3
49958,0,0,1,0,0,0,0,0,1,0,1,6
28623,0,0,1,0,0,0,0,1,1,2,4,3
1959,0,0,1,0,0,0,0,1,0,0,4,6
28856,0,0,1,0,0,0,0,0,1,5,7,6
26159,1,0,1,0,0,0,0,1,1,5,4,3
47148,1,0,1,0,0,0,0,1,1,2,4,3
11444,0,0,1,0,0,0,0,0,1,5,2,6
1625,1,0,1,0,0,0,0,0,1,4,4,3
44440,0,0,0,1,1,0,0,1,1,2,7,3
11324,0,0,1,0,0,0,0,0,1,4,7,6
29676,0,0,1,0,0,0,0,0,1,5,2,2
42820,0,0,1,0,0,0,0,0,0,5,7,6
43983,0,0,0,0,0,0,0,0,1,0,2,6
24436,0,0,1,0,0,0,0,0,1,2,7,6
14047,1,0,1,0,0,0,0,0,0,5,1,0
23425,1,0,0,1,1,0,0,0,0,2,7,3
22340,0,0,1,0,0,0,0,0,1,5,7,6
34390,1,1,1,0,0,0,0,1,1,0,2,3
42868,0,0,1,0,0,0,0,1,0,2,7,6
16087,0,0,1,0,0,0,0,1,1,0,4,3
27971,1,0,1,0,0,0,0,0,1,0,4,3
34233,0,0,1,0,0,0,0,0,0,5,7,6
12353,1,0,1,0,0,0,0,0,1,4,4,0
41672,0,1,1,0,0,0,0,1,1,5,2,6
29932,0,0,1,0,0,0,0,0,1,4,7,6
33238,0,0,1,0,0,0,0,0,1,2,4,6
18566,0,0,1,0,0,0,0,0,1,4,1,6
37676,0,0,1,0,0,0,0,0,1,5,7,6
10763,0,0,1,0,0,0,0,0,1,0,7,6
15638,1,0,1,0,0,0,0,0,1,0,1,0
26208,0,0,1,0,0,0,0,0,1,0,4,3
39051,0,0,0,0,0,0,1,0,1,0,7,6
35279,0,0,1,0,0,0,0,0,1,3,7,6
46108,0,0,1,0,0,0,0,0,1,5,7,6
32026,1,0,1,0,0,0,0,0,1,5,4,0
2546,1,0,0,1,1,0,0,1,1,2,7,3
32727,1,0,1,0,0,0,0,1,1,2,4,0
1690,1,1,0,1,1,0,0,0,0,4,2,3
39404,0,0,1,0,0,0,0,1,1,2,7,6
32116,0,0,1,0,0,0,0,0,1,4,7,6
21262,1,0,1,0,0,0,0,0,1,4,4,3
30172,1,0,1,0,0,4,1,0,0,0,4,6
24225,0,0,0,0,0,0,0,0,1,5,7,3
13473,0,0,0,1,1,0,0,0,1,2,7,2
14626,1,0,1,0,0,0,0,1,1,5,4,3
43481,0,0,0,0,0,0,0,0,1,3,1,3
32646,0,0,1,0,0,0,0,1,0,5,7,6
17521,0,0,0,1,1,0,0,0,1,4,7,3
49467,0,0,1,0,0,0,0,0,0,4,7,6
47765,1,0,1,0,0,0,0,0,1,4,4,3
28456,0,0,1,0,0,0,0,1,1,2,4,6
39376,1,0,1,0,0,0,0,1,1,5,4,3
36484,1,0,1,0,0,0,0,0,1,5,4,3
38847,1,0,1,0,0,0,0,1,1,5,4,3
49940,1,0,0,1,1,0,0,0,1,4,4,3
24733,1,0,1,0,0,0,0,0,1,0,4,3
2843,0,0,0,1,1,0,0,1,1,5,7,3
24223,0,0,1,0,0,0,0,1,1,5,7,6
43926,1,0,1,0,0,0,0,0,1,5,4,3
23425,1,0,0,1,1,0,0,0,1,2,7,3
40715,0,0,1,0,0,0,0,0,1,0,7,6
46040,0,0,1,0,0,0,0,1,1,5,4,3
22656,1,0,0,1,1,0,0,1,1,2,7,3
48293,1,0,1,0,0,0,0,0,1,0,4,3
6129,1,0,1,0,0,1,0,1,1,3,4,3
860,0,0,1,0,0,0,0,1,1,3,4,6
32950,0,0,0,1,1,0,0,0,1,0,7,2
8111,1,0,1,0,0,0,0,1,1,5,4,3
29889,1,0,1,0,0,0,0,1,1,2,4,2
27971,0,0,1,0,0,0,0,0,1,0,7,6
8632,0,0,1,0,0,0,0,1,1,2,4,6
48328,1,0,1,0,0,0,0,0,0,5,1,3
41298,0,0,1,0,0,0,0,0,0,5,7,6
29101,0,0,1,0,0,0,0,0,1,2,7,6
35702,0,0,1,0,0,0,0,1,1,0,7,6
3454,1,1,1,0,0,0,0,0,1,2,2,2
41795,1,0,1,0,0,0,0,1,0,0,4,3
15904,0,0,0,0,0,0,0,0,1,0,7,2
787,0,0,1,0,0,0,0,1,1,5,7,6
12720,1,0,0,1,1,0,0,0,1,0,7,3
6457,1,0,1,0,0,0,0,0,0,5,4,3
6457,1,0,1,0,0,0,0,0,1,5,1,3
37044,1,0,1,0,0,0,0,1,1,5,4,3
2895,1,0,1,0,0,0,0,0,1,2,4,3
35679,1,0,0,1,1,0,0,1,1,2,4,0
30658,0,0,0,0,0,0,0,0,1,5,1,5
5941,0,0,1,0,0,0,0,0,1,0,7,6
12342,1,0,1,0,0,0,0,0,1,5,1,0
4679,0,0,1,0,0,0,0,0,0,4,7,6
48370,1,0,1,0,0,0,0,0,1,4,4,3
37095,0,0,1,0,0,0,0,1,1,0,4,6
20164,1,0,1,0,0,0,0,1,1,5,2,2
14228,1,0,1,0,0,0,0,0,1,4,4,3
49314,0,0,1,0,0,0,0,0,1,5,7,6
1369,0,0,1,0,0,0,0,1,1,2,7,6
16764,1,0,1,0,0,0,0,0,1,5,4,3
15295,0,0,1,0,0,0,0,0,1,4,7,6
42990,1,0,1,0,0,0,0,0,1,5,1,0
14351,1,0,1,0,0,0,0,0,1,5,4,3
39205,0,0,1,0,0,0,0,0,1,5,2,6
5884,1,0,1,0,0,0,0,1,1,5,4,3
41222,0,0,1,0,0,0,0,1,1,2,4,6
430,0,0,1,0,0,0,0,0,1,4,4,6
30378,0,0,1,0,0,0,0,0,1,5,2,6
11564,1,0,1,0,0,0,0,0,1,4,2,3
49868,1,0,1,0,0,0,0,0,1,0,2,3
30031,0,0,1,0,0,0,3,0,1,5,7,0
41230,0,0,1,0,0,0,0,1,0,5,4,2
10650,1,0,1,0,0,0,0,1,1,5,4,3
21717,1,0,1,0,0,0,0,0,1,5,4,3
37463,1,0,1,0,0,0,0,0,1,5,4,3
22340,1,0,1,0,0,0,0,1,1,0,2,3
23358,0,0,0,1,1,0,0,0,0,4,7,3
30129,0,0,1,0,0,0,0,0,0,5,7,6
29101,0,0,1,0,0,0,0,0,1,5,2,6
5979,1,0,1,0,0,0,0,1,1,5,4,3
13267,0,0,0,1,1,0,1,0,1,0,7,6
10692,0,0,1,0,0,0,0,1,1,2,1,6
4950,1,0,1,0,0,0,0,0,1,4,4,3
48476,1,0,1,0,0,0,0,1,1,5,8,3
25684,1,0,1,0,0,0,0,0,1,4,4,3
34226,1,0,1,0,0,0,0,1,1,5,4,3
33161,0,0,1,0,0,0,0,0,0,5,2,6
20629,1,0,1,0,0,0,0,0,1,0,7,3
27971,0,1,0,0,1,0,0,0,1,0,2,6
43106,0,0,1,0,0,0,0,0,1,5,7,6
29985,1,0,1,0,0,0,0,1,1,5,4,3
34120,1,0,1,0,0,1,0,0,1,0,4,3
11270,1,0,1,0,0,0,1,0,0,5,4,0
17316,0,0,1,0,0,0,0,0,1,0,4,6
34233,1,0,1,0,0,0,0,0,1,4,4,3
7632,0,0,1,0,0,0,0,1,1,5,4,6
7234,1,0,1,0,0,0,0,0,1,5,7,0
3315,1,0,1,0,0,0,0,0,0,5,4,3
49752,0,0,1,0,0,0,0,0,1,5,4,3
33453,0,0,1,0,0,0,0,1,0,2,4,6
49351,1,0,1,0,0,0,0,0,0,0,4,0
6093,0,0,1,0,0,0,0,1,1,5,4,6
26178,0,0,0,0,0,0,0,0,0,5,7,6
9624,0,0,0,0,1,0,0,0,0,4,7,6
18159,0,0,1,0,0,0,0,0,1,0,4,6
8725,1,0,0,0,1,0,0,0,1,2,4,3
4803,1,0,1,0,0,0,0,1,1,5,4,3
16021,0,0,1,0,0,0,0,0,1,0,7,6
30309,0,0,1,0,0,0,0,0,1,0,4,3
33388,1,0,0,1,1,0,0,0,1,0,7,3
20519,1,0,0,1,1,0,0,0,1,4,7,0
2169,1,0,1,0,0,0,0,1,1,2,4,0
5753,0,0,0,0,0,0,0,0,1,0,2,2
7169,0,0,0,1,1,0,0,0,1,4,7,3
10092,0,0,1,0,0,0,0,1,1,2,4,0
30264,1,0,1,0,0,0,0,0,1,2,4,2
22323,1,0,1,0,0,0,0,0,1,0,4,3
2121,1,0,1,0,0,0,0,0,1,5,4,3
9615,0,0,1,0,0,0,0,0,1,2,2,2
20313,0,1,1,0,0,0,0,1,1,0,2,6
37095,0,1,1,0,0,0,0,0,1,2,2,6
10256,1,0,0,0,0,0,0,1,0,0,7,3
35186,1,0,1,0,0,0,0,0,1,5,4,3
30226,0,0,1,0,0,0,0,0,1,5,7,6
37756,1,0,1,0,0,0,0,0,0,0,4,3
43325,1,0,1,0,0,0,0,0,1,5,4,3
26923,0,0,1,0,0,0,0,0,1,2,7,6
27971,1,0,0,1,1,0,0,0,1,2,2,3
3233,1,0,0,1,1,0,0,0,0,5,7,3
49277,0,0,1,0,0,0,0,1,1,2,4,3
24459,1,0,1,0,0,0,0,1,1,5,4,3
88,1,1,0,1,1,0,0,0,0,0,2,2
17597,1,0,1,0,0,0,0,0,0,5,4,3
30859,0,0,1,0,0,0,0,0,1,5,7,6
21262,1,0,1,0,0,0,0,0,1,5,2,2
12486,0,0,1,0,0,0,0,1,1,2,7,6
18190,1,0,1,0,0,0,0,0,1,0,4,3
35509,0,1,1,0,0,0,0,0,0,0,2,6
47487,0,0,1,0,0,0,0,0,1,2,4,3
49678,0,0,1,0,0,0,0,1,1,5,2,6
4137,1,0,1,0,0,0,0,1,1,5,4,3
40525,0,0,1,0,0,0,0,0,0,5,4,6
41245,1,0,1,0,0,0,0,0,0,2,4,3
25714,0,0,1,0,0,0,0,0,1,3,4,3
19867,1,0,1,0,0,0,0,0,1,5,1,0
32711,0,0,1,0,0,0,0,1,0,2,7,6
39749,1,0,1,0,0,0,0,1,1,5,4,3
8547,1,0,1,0,0,0,0,0,1,4,2,2
47239,1,0,0,1,1,0,0,0,1,4,4,3
4135,0,0,1,0,0,0,0,0,1,4,7,6
32050,0,0,0,1,1,0,0,0,1,2,7,6
23025,0,0,1,0,0,0,0,1,1,3,4,3
9810,0,0,1,0,0,0,0,0,1,5,4,6
48381,1,0,0,1,1,0,0,1,1,5,2,2
12432,1,0,1,0,0,0,0,1,1,5,4,3
40744,0,0,1,0,0,0,0,0,1,4,7,6
36663,0,0,0,0,0,0,0,1,1,5,7,3
46294,0,0,1,0,0,0,0,1,1,3,7,6
39369,0,0,1,0,0,0,0,0,1,2,0,6
26016,0,1,1,0,0,0,0,0,0,0,2,2
38323,1,0,1,0,0,0,0,0,0,4,4,3
27369,1,0,1,0,0,0,0,1,1,5,4,3
5452,1,0,1,0,0,0,0,1,1,5,4,3
6794,0,0,1,0,0,0,0,1,1,5,7,6
6860,1,0,1,0,0,0,0,0,0,5,4,3
28360,0,0,0,1,1,0,0,1,1,3,4,3
9022,1,0,1,0,0,0,0,0,0,5,4,0
17733,0,1,0,0,1,0,0,0,1,0,2,6
22137,0,0,1,0,0,0,0,0,1,5,2,6
8474,0,0,0,0,0,0,0,1,0,5,7,3
42220,1,0,0,0,1,0,0,1,1,0,4,3
35621,0,0,1,0,0,0,0,1,0,2,7,6
6605,1,0,1,0,0,0,0,0,1,5,4,2
6045,0,0,1,0,0,0,0,0,1,4,4,2
35761,0,0,0,0,0,0,0,0,1,5,2,6
17171,0,0,0,1,1,0,0,1,1,2,7,6
36873,1,0,1,0,0,0,0,0,1,4,4,3
19505,0,0,1,0,0,0,0,0,0,5,4,2
10423,0,0,1,0,0,0,0,1,1,5,7,6
27200,0,0,1,0,0,0,0,0,1,4,7,6
31291,0,0,0,1,1,0,0,0,0,5,7,6
2300,0,0,1,0,0,0,0,1,1,5,7,6
19197,0,0,0,0,1,0,1,0,1,4,7,0
27579,0,0,0,1,1,0,0,1,0,5,7,3
23909,1,1,1,0,0,0,0,1,1,0,2,3
43805,1,0,1,0,0,0,0,0,1,4,4,2
21343,0,0,1,0,0,0,0,0,0,0,7,6
43720,1,1,1,0,0,0,0,0,0,4,2,3
45417,0,0,1,0,0,0,0,0,1,2,2,6
7914,0,0,1,0,0,0,0,0,1,5,7,6
31661,1,0,1,0,0,0,0,0,1,4,4,3
21262,1,0,1,0,0,0,0,0,1,5,4,0
9677,0,0,1,0,0,0,0,0,1,0,7,6
45372,1,0,0,0,0,1,0,0,1,2,0,6
8438,0,0,0,1,1,0,0,0,1,5,7,6
4877,1,0,1,0,0,0,0,0,1,5,4,3
37765,1,0,1,0,0,0,0,0,0,0,4,3
46193,1,0,1,0,0,0,0,0,1,4,4,3
50063,0,0,1,0,0,0,0,1,1,5,7,6
15904,0,0,1,0,0,0,0,0,1,2,7,6
27031,0,0,1,0,0,0,0,1,1,0,2,2
22195,0,0,0,0,0,0,0,0,1,2,7,0
5356,1,0,0,1,1,0,0,1,1,0,4,3
27971,0,0,0,1,1,0,0,0,1,2,1,6
39803,0,0,1,0,0,0,0,0,1,4,4,3
43042,1,0,1,0,0,0,0,0,1,0,7,3
9446,0,0,1,0,0,0,0,1,1,5,7,6
39803,1,0,1,0,0,0,0,0,1,4,4,3
19477,1,0,0,1,1,0,0,0,1,5,1,0
16374,0,0,1,0,0,0,3,0,1,5,2,0
6054,0,0,1,0,0,0,0,0,1,0,7,6
25452,1,0,1,0,0,0,0,0,1,5,7,2
33295,0,0,1,0,0,0,0,1,1,2,7,6
45690,1,0,1,0,0,0,0,1,1,2,4,3
15374,0,0,1,0,0,0,0,0,1,0,7,6
9619,1,0,1,0,0,0,0,1,1,5,4,3
46188,1,0,1,0,0,0,0,0,0,2,4,3
27002,0,0,1,0,0,0,0,0,1,5,1,6
15787,0,0,1,0,0,0,0,1,1,1,4,6
27971,1,0,1,0,0,0,0,0,1,0,1,0
24110,1,0,1,0,0,0,0,0,0,0,4,3
23450,0,0,1,0,0,0,0,1,1,5,7,6
32117,1,0,0,1,1,0,0,0,1,0,7,2
837,1,0,1,0,0,0,0,0,1,5,1,0
23338,1,0,1,0,0,0,0,0,1,5,4,3
2432,1,0,1,0,0,0,0,0,1,2,4,3
1462,1,0,1,0,0,0,0,1,0,5,4,3
27434,1,0,0,1,1,0,1,0,1,0,7,0
29024,1,0,1,0,0,0,0,0,1,2,4,3
2744,1,0,1,0,0,0,0,1,1,5,4,3
2437,1,0,0,1,1,0,0,1,1,2,7,3
24008,0,0,1,0,0,0,0,0,1,0,7,6
751,0,0,1,0,0,0,0,0,1,0,7,6
25809,0,0,1,0,0,0,0,0,1,2,2,6
2055,1,0,0,1,1,0,0,0,1,4,4,3
47661,1,0,0,0,0,0,0,1,0,2,4,3
2895,0,0,0,1,1,0,0,1,0,2,7,6
14447,0,0,1,0,0,0,0,1,1,0,7,6
6473,1,0,1,0,0,0,0,1,1,0,1,3
7525,1,0,1,0,0,0,0,0,1,4,4,3
33625,1,0,1,0,0,0,0,1,1,5,4,3
1126,0,0,1,0,0,0,0,1,1,2,7,6
6457,1,0,1,0,0,0,0,0,1,0,4,2
45895,0,0,1,0,0,0,0,0,1,4,7,6
47070,1,0,1,0,0,0,0,0,1,5,4,3
35186,1,0,1,0,0,0,0,1,1,2,4,3
17865,0,0,0,0,0,0,0,0,0,4,7,3
30685,0,0,0,1,1,0,0,1,1,0,7,3
2158,0,0,1,0,0,0,0,0,1,2,7,6
22325,0,0,0,1,1,0,0,0,0,4,2,2
49953,0,0,1,0,0,0,0,0,1,5,4,6
30548,0,0,1,0,0,0,0,1,1,5,4,6
39318,1,0,1,0,0,0,0,0,1,5,4,3
35537,0,0,0,1,1,0,0,1,1,2,7,6
19292,0,0,0,1,1,0,0,0,1,0,7,3
2832,0,0,0,0,1,0,0,0,1,0,2,6
45256,1,0,0,0,0,1,0,0,1,2,0,3
48908,0,0,0,1,1,0,0,0,1,4,7,3
17404,1,0,0,1,1,0,0,0,1,4,4,3
27269,1,0,1,0,0,0,0,0,0,0,4,3
48732,1,0,1,0,0,0,0,1,1,5,4,3
49165,1,0,1,0,0,0,0,0,1,4,4,3
44771,1,0,0,1,1,0,0,1,0,5,4,3
9541,0,0,0,0,0,1,0,1,0,5,0,6
12038,1,0,1,0,0,0,0,1,1,5,4,3
8031,1,0,1,0,0,0,0,0,1,4,4,3
31754,0,0,1,0,0,0,0,1,1,5,7,6
12854,0,0,1,0,0,0,0,0,1,2,7,6
40658,0,0,0,0,0,0,1,0,0,5,7,0
16257,0,0,0,0,1,0,0,0,0,2,4,6
33413,1,0,1,0,0,0,1,0,1,5,4,3
5623,1,0,1,0,0,0,0,0,0,3,4,3
22767,0,0,0,1,1,0,0,1,1,5,4,3
21778,1,0,1,0,0,0,0,0,1,0,7,3
29231,1,0,1,0,0,0,0,0,0,5,1,0
23863,0,0,1,0,0,0,0,0,1,5,7,6
35469,1,0,1,0,0,0,0,1,1,5,4,3
31119,0,0,1,0,0,0,0,1,1,5,7,6
44113,0,0,0,1,1,0,0,0,1,5,7,3
45690,1,0,1,0,0,0,0,0,1,5,1,0
46202,0,0,1,0,0,0,0,0,0,5,4,6
1594,0,0,0,0,0,0,0,0,1,5,4,6
47400,0,0,1,0,0,0,0,0,1,5,1,6
27700,1,0,1,0,0,0,0,0,0,5,4,3
19707,1,0,0,0,0,1,0,0,1,4,0,6
29614,0,0,0,1,1,0,0,0,1,2,7,3
8302,1,1,0,1,1,0,0,0,0,0,2,2
37606,1,0,1,0,0,0,0,0,0,2,4,3
22894,1,0,1,0,0,0,0,0,1,0,4,3
26801,1,0,0,1,1,0,0,0,1,5,4,2
32766,1,0,1,0,0,0,0,0,1,0,1,0
10349,1,0,1,0,0,0,0,0,1,4,4,3
27611,1,0,0,1,1,0,0,0,1,5,7,2
29945,1,0,1,0,0,0,0,0,1,5,1,0
41230,1,0,1,0,0,0,0,0,1,0,1,0
46287,0,0,1,0,0,0,0,0,1,4,4,3
27971,0,0,0,0,0,0,0,0,1,0,2,6
22751,1,0,1,0,0,0,0,0,1,4,4,3
47541,1,1,1,0,0,0,0,0,1,2,2,3
48627,0,0,1,0,0,0,0,0,1,2,7,6
33508,1,0,1,0,0,0,0,1,1,5,4,3
2882,0,0,1,0,0,0,0,0,1,0,1,6
28623,0,0,0,1,1,0,0,0,1,0,7,2
46410,0,0,1,0,0,0,0,0,1,5,4,6
32180,0,0,1,0,0,0,0,0,1,4,4,6
14849,0,0,1,0,0,0,0,0,0,5,7,6
36886,1,0,0,0,1,0,0,0,0,5,2,2
28942,0,0,1,0,0,0,0,0,1,5,7,6
12420,0,0,1,0,0,0,0,1,1,5,4,3
44769,1,0,1,0,0,0,0,0,1,5,2,4
10762,0,0,1,0,0,0,0,0,1,1,4,6
12669,1,0,1,0,0,0,0,0,1,5,4,3
15359,0,0,1,0,0,0,0,0,1,2,4,6
20775,0,0,1,0,0,0,0,0,1,2,7,6
28149,0,0,1,0,0,0,1,0,1,0,1,2
26786,1,0,1,0,0,0,0,0,1,4,4,3
35803,0,0,0,1,1,0,0,1,1,5,7,3
19163,0,0,1,0,0,0,0,0,1,0,7,6
1772,1,0,1,0,0,0,0,0,1,2,4,0
19994,1,0,0,1,1,0,0,0,1,0,4,3
36546,0,0,1,0,0,0,0,0,1,4,7,6
6078,0,0,1,0,0,0,0,0,1,0,7,6
44315,0,0,1,0,0,0,0,0,0,4,7,6
28683,1,0,1,0,0,0,0,0,1,5,1,0
28976,1,0,1,0,0,0,0,0,1,4,4,3
637,0,0,1,0,0,0,0,1,1,2,4,3
30685,0,0,1,0,0,0,0,0,1,5,7,6
20704,1,0,1,0,0,0,0,1,1,2,4,3
40237,1,0,1,0,0,0,0,0,1,0,4,3
22153,0,1,1,0,0,0,0,0,1,0,2,6
4631,0,1,1,0,0,0,0,1,1,0,2,6
37188,0,0,1,0,0,0,0,0,1,4,7,6
23425,0,0,1,0,0,0,0,1,1,2,4,6
40150,0,0,1,0,0,0,0,0,0,5,4,6
29235,0,0,1,0,0,0,0,0,1,2,7,6
29309,1,0,1,0,0,0,0,0,1,0,7,3
18628,0,0,0,0,0,0,0,0,1,0,2,3
47218,0,0,1,0,0,0,0,0,0,2,7,6
27395,0,1,1,0,0,0,0,0,1,5,2,6
88,0,0,1,0,0,0,0,0,1,0,4,2
8753,1,0,1,0,0,0,0,1,1,5,4,3
38939,0,0,0,1,1,0,0,0,1,2,7,3
39619,1,0,1,0,0,0,0,0,1,4,1,2
23900,1,0,1,0,0,0,0,0,1,0,1,0
20926,1,1,1,0,0,0,0,0,1,0,2,2
29716,1,1,0,1,1,0,0,0,1,4,2,2
29101,0,0,0,1,1,0,2,0,1,2,1,3
26253,0,0,1,0,0,0,0,1,0,0,4,6
27385,0,0,0,1,1,0,0,0,1,0,7,3
16887,1,0,1,0,0,1,0,1,1,2,4,3
28505,0,0,1,0,0,0,0,0,0,0,7,3
9541,1,1,1,0,0,0,0,0,1,4,2,3
16387,1,0,1,0,0,0,0,0,1,0,4,3
9516,1,0,1,0,0,0,0,1,1,5,4,3
48400,0,0,0,0,0,0,0,0,1,2,7,3
25331,1,0,1,0,0,0,0,0,1,5,4,3
28131,0,0,0,1,1,0,0,1,1,0,7,3
45426,0,0,1,0,0,0,0,0,1,2,7,6
19260,1,0,1,0,0,0,0,0,1,4,4,3
12084,0,0,1,0,0,0,0,0,1,5,7,6
20313,1,0,1,0,0,0,0,1,1,0,4,3
835,0,0,1,0,0,0,0,0,1,5,7,6
22950,0,0,1,0,0,0,0,0,0,0,7,6
9810,1,0,0,1,1,0,0,0,1,2,7,3
24459,1,0,1,0,0,0,0,0,1,4,4,3
47671,1,0,0,0,0,1,0,0,1,2,0,2
24513,1,0,0,1,1,0,14,1,1,2,4,3
50574,1,0,1,0,0,0,0,0,1,2,4,3
40373,0,0,1,0,0,0,0,1,1,5,4,6
14377,0,0,1,0,0,0,0,0,1,0,7,6
1542,0,0,0,0,0,0,0,0,1,0,7,2
47487,0,0,1,0,0,0,0,1,1,5,7,6
34618,1,0,1,0,0,0,0,0,1,4,1,0
33677,0,0,0,0,1,0,0,0,1,0,1,3
13292,1,0,1,0,0,0,0,0,1,4,4,3
22729,1,0,1,0,0,0,0,1,0,0,4,3
3027,1,0,1,0,0,0,0,0,0,3,4,3
45229,1,0,1,0,0,0,0,0,1,5,4,3
31733,0,0,1,0,0,0,0,0,1,5,2,6
7300,1,0,1,0,0,0,0,0,1,2,4,3
